dataset,model,accuracy,f1_macro
SIM-TEST,WITH-W,0.8142708333333334,0.8081921714351048
SIM-TEST,NO-W,0.8142708333333334,0.8081921714351048
REAL-LIFE,WITH-W,0.7642857142857142,0.7588600657654365
REAL-LIFE,NO-W,0.7642857142857142,0.7588600657654365
