dataset,model,accuracy,f1_macro
SIM-TEST,WITH-W,0.7315625,0.7107171568783763
SIM-TEST,NO-W,0.7315625,0.7107171568783763
REAL-LIFE,WITH-W,0.7357142857142858,0.7220880948548742
REAL-LIFE,NO-W,0.7357142857142858,0.7220880948548742
