dataset,model,logloss,brier,auc
SIM-TEST,WITH-W,0.3277976958566624,0.10467000691267977,0.9011519314236112
SIM-TEST,NO-W,0.34817360582066403,0.11103646585678853,0.8610557942708333
REAL-LIFE,WITH-W,0.5398993636550137,0.14676668747391486,0.8780612244897958
REAL-LIFE,NO-W,0.5964373301825507,0.1590044651067044,0.8258163265306123
