model,logloss,brier,auc
WITH-W,0.3277976958566624,0.10467000691267977,0.9011519314236112
NO-W,0.34817360582066403,0.11103646585678853,0.8610557942708333
