dataset,model,logloss,brier,auc
REAL-LIFE,WITH-W,0.5398993636550137,0.14676668747391486,0.8780612244897958
REAL-LIFE,NO-W,0.5964373301825507,0.1590044651067044,0.8258163265306123
