dataset,model,accuracy,f1_macro
REAL-LIFE,WITH-W,0.7642857142857142,0.7588600657654365
REAL-LIFE,NO-W,0.7642857142857142,0.7588600657654365
