dataset,model,accuracy,f1_macro
REAL-LIFE,WITH-W,0.7357142857142858,0.7220880948548742
REAL-LIFE,NO-W,0.7357142857142858,0.7220880948548742
