dataset,W,model,n,accuracy
REAL-LIFE,0,WITH-W,70,0.8857142857142857
REAL-LIFE,0,NO-W,70,0.8857142857142857
REAL-LIFE,1,WITH-W,70,0.5857142857142857
REAL-LIFE,1,NO-W,70,0.5857142857142857
